,repo_name,repo_owner,git_url,api_base_url,source_type,access_token,lang,commits,defective,done
c23,coursera-android,aporter,https://github.com/aporter/coursera-android.git,http://api.github.com,github_repo,6ff783294993b2f3c1d44506883d62f52ff91f80,Java,135,9,1
c23,Android-ObservableScrollView,ksoichiro,https://github.com/ksoichiro/Android-ObservableScrollView.git,http://api.github.com,github_repo,6ff783294993b2f3c1d44506883d62f52ff91f80,Java,383,80,1
c23,jieba,fxsjy,https://github.com/fxsjy/jieba.git,http://api.github.com,github_repo,6ff783294993b2f3c1d44506883d62f52ff91f80,Python,513,101,1
c23,newspaper,codelucas,https://github.com/codelucas/newspaper.git,http://api.github.com,github_repo,6ff783294993b2f3c1d44506883d62f52ff91f80,Python,639,124,1
c23,Cactus,koenbok,https://github.com/koenbok/Cactus.git,http://api.github.com,github_repo,6ff783294993b2f3c1d44506883d62f52ff91f80,Python,667,135,1
c23,dagger,square,https://github.com/square/dagger.git,http://api.github.com,github_repo,6ff783294993b2f3c1d44506883d62f52ff91f80,Java,701,144,1
c23,picasso,square,https://github.com/square/picasso.git,http://api.github.com,github_repo,6ff783294993b2f3c1d44506883d62f52ff91f80,Java,1364,183,1
c23,Telegram,DrKLO,https://github.com/DrKLO/Telegram.git,http://api.github.com,github_repo,6ff783294993b2f3c1d44506883d62f52ff91f80,Java,342,193,1
c23,greenDAO,greenrobot,https://github.com/greenrobot/greenDAO.git,http://api.github.com,github_repo,6ff783294993b2f3c1d44506883d62f52ff91f80,Java,857,195,1
c23,springside4,springside,https://github.com/springside/springside4.git,http://api.github.com,github_repo,6ff783294993b2f3c1d44506883d62f52ff91f80,Java,1074,213,1
c23,disruptor,LMAX-Exchange,https://github.com/LMAX-Exchange/disruptor.git,http://api.github.com,github_repo,6ff783294993b2f3c1d44506883d62f52ff91f80,Java,958,214,1
c23,ActionBarSherlock,JakeWharton,https://github.com/JakeWharton/ActionBarSherlock.git,http://api.github.com,github_repo,6ff783294993b2f3c1d44506883d62f52ff91f80,Java,1480,219,1
c23,roboguice,roboguice,https://github.com/roboguice/roboguice.git,http://api.github.com,github_repo,6ff783294993b2f3c1d44506883d62f52ff91f80,Java,1054,222,1
c23,Hystrix,Netflix,https://github.com/Netflix/Hystrix.git,http://api.github.com,github_repo,6ff783294993b2f3c1d44506883d62f52ff91f80,Java,2109,241,1
c23,facebook-android-sdk,facebook,https://github.com/facebook/facebook-android-sdk.git,http://api.github.com,github_repo,6ff783294993b2f3c1d44506883d62f52ff91f80,Java,1355,250,1
c23,tweepy,tweepy,https://github.com/tweepy/tweepy.git,http://api.github.com,github_repo,6ff783294993b2f3c1d44506883d62f52ff91f80,Python,1495,261,1
c23,seaborn,mwaskom,https://github.com/mwaskom/seaborn.git,http://api.github.com,github_repo,6ff783294993b2f3c1d44506883d62f52ff91f80,Python,2450,341,1
c23,pyspider,binux,https://github.com/binux/pyspider.git,http://api.github.com,github_repo,6ff783294993b2f3c1d44506883d62f52ff91f80,Python,1174,354,1
c23,jsoup,jhy,https://github.com/jhy/jsoup.git,http://api.github.com,github_repo,6ff783294993b2f3c1d44506883d62f52ff91f80,Java,1261,355,1
c23,AndroidAsync,koush,https://github.com/koush/AndroidAsync.git,http://api.github.com,github_repo,6ff783294993b2f3c1d44506883d62f52ff91f80,Java,1081,361,1
c23,django-tastypie,toastdriven,https://github.com/toastdriven/django-tastypie.git,http://api.github.com,github_repo,6ff783294993b2f3c1d44506883d62f52ff91f80,Python,1277,374,1
c23,XX-Net,XX-net,https://github.com/XX-net/XX-Net.git,http://api.github.com,github_repo,6ff783294993b2f3c1d44506883d62f52ff91f80,Python,2069,425,1
c23,eve,nicolaiarocci,https://github.com/nicolaiarocci/eve.git,http://api.github.com,github_repo,6ff783294993b2f3c1d44506883d62f52ff91f80,Python,2810,428,1
c23,metrics,dropwizard,https://github.com/dropwizard/metrics.git,http://api.github.com,github_repo,6ff783294993b2f3c1d44506883d62f52ff91f80,Java,2580,429,1
c23,jinja2,mitsuhiko,https://github.com/mitsuhiko/jinja2.git,http://api.github.com,github_repo,6ff783294993b2f3c1d44506883d62f52ff91f80,Python,2065,489,1
c23,Faker,joke2k,https://github.com/joke2k/Faker.git,http://api.github.com,github_repo,6ff783294993b2f3c1d44506883d62f52ff91f80,Python,2238,519,1
c23,thumbor,thumbor,https://github.com/thumbor/thumbor.git,http://api.github.com,github_repo,6ff783294993b2f3c1d44506883d62f52ff91f80,Python,2130,530,1
c23,junit,junit-team,https://github.com/junit-team/junit.git,http://api.github.com,github_repo,6ff783294993b2f3c1d44506883d62f52ff91f80,Java,2427,544,1
c23,androidannotations,excilys,https://github.com/excilys/androidannotations.git,http://api.github.com,github_repo,6ff783294993b2f3c1d44506883d62f52ff91f80,Java,2908,583,1
c23,powerline,Lokaltog,https://github.com/Lokaltog/powerline.git,http://api.github.com,github_repo,6ff783294993b2f3c1d44506883d62f52ff91f80,Python,2819,658,1
c23,powerline,powerline,https://github.com/powerline/powerline.git,http://api.github.com,github_repo,6ff783294993b2f3c1d44506883d62f52ff91f80,Python,2819,658,1
c23,portia,scrapinghub,https://github.com/scrapinghub/portia.git,http://api.github.com,github_repo,6ff783294993b2f3c1d44506883d62f52ff91f80,Python,2690,668,1
c23,gunicorn,benoitc,https://github.com/benoitc/gunicorn.git,http://api.github.com,github_repo,6ff783294993b2f3c1d44506883d62f52ff91f80,Python,2783,693,1
c23,ajenti,Ajenti,https://github.com/Ajenti/ajenti.git,http://api.github.com,github_repo,6ff783294993b2f3c1d44506883d62f52ff91f80,Python,2603,714,1
c23,requests,kennethreitz,https://github.com/kennethreitz/requests.git,http://api.github.com,github_repo,6ff783294993b2f3c1d44506883d62f52ff91f80,Python,5923,717,1
c23,mezzanine,stephenmcd,https://github.com/stephenmcd/mezzanine.git,http://api.github.com,github_repo,6ff783294993b2f3c1d44506883d62f52ff91f80,Python,5203,754,1
c23,peewee,coleifer,https://github.com/coleifer/peewee.git,http://api.github.com,github_repo,6ff783294993b2f3c1d44506883d62f52ff91f80,Python,4191,833,1
c23,zxing,zxing,https://github.com/zxing/zxing.git,http://api.github.com,github_repo,6ff783294993b2f3c1d44506883d62f52ff91f80,Java,3521,847,1
c23,glide,bumptech,https://github.com/bumptech/glide.git,http://api.github.com,github_repo,6ff783294993b2f3c1d44506883d62f52ff91f80,Java,2445,873,1
c23,taiga-back,taigaio,https://github.com/taigaio/taiga-back.git,http://api.github.com,github_repo,6ff783294993b2f3c1d44506883d62f52ff91f80,Python,3793,907,1
c23,okhttp,square,https://github.com/square/okhttp.git,http://api.github.com,github_repo,6ff783294993b2f3c1d44506883d62f52ff91f80,Java,4391,967,1
c23,zipline,quantopian,https://github.com/quantopian/zipline.git,http://api.github.com,github_repo,6ff783294993b2f3c1d44506883d62f52ff91f80,Python,5998,1014,1
c23,django-rest-framework,tomchristie,https://github.com/tomchristie/django-rest-framework.git,http://api.github.com,github_repo,6ff783294993b2f3c1d44506883d62f52ff91f80,Python,8181,1090,1
c23,mopidy,mopidy,https://github.com/mopidy/mopidy.git,http://api.github.com,github_repo,6ff783294993b2f3c1d44506883d62f52ff91f80,Python,8156,1202,1
c23,inbox,inboxapp,https://github.com/inboxapp/inbox.git,http://api.github.com,github_repo,6ff783294993b2f3c1d44506883d62f52ff91f80,Python,4395,1228,1
c23,pyston,dropbox,https://github.com/dropbox/pyston.git,http://api.github.com,github_repo,6ff783294993b2f3c1d44506883d62f52ff91f80,Python,5000,1325,1
c23,guava,google,https://github.com/google/guava.git,http://api.github.com,github_repo,6ff783294993b2f3c1d44506883d62f52ff91f80,Java,5172,1348,1
c23,vert.x,eclipse,https://github.com/eclipse/vert.x.git,http://api.github.com,github_repo,6ff783294993b2f3c1d44506883d62f52ff91f80,Java,4225,1404,1
c23,titan,thinkaurelius,https://github.com/thinkaurelius/titan.git,http://api.github.com,github_repo,6ff783294993b2f3c1d44506883d62f52ff91f80,Java,4434,1563,1
c23,beets,sampsyo,https://github.com/sampsyo/beets.git,http://api.github.com,github_repo,6ff783294993b2f3c1d44506883d62f52ff91f80,Python,9241,1830,1
c23,druid,alibaba,https://github.com/alibaba/druid.git,http://api.github.com,github_repo,6ff783294993b2f3c1d44506883d62f52ff91f80,Java,6057,1852,1
c23,org.alloytools.alloy,AlloyTools,https://github.com/AlloyTools/org.alloytools.alloy,http://api.github.com,github_repo,6ff783294993b2f3c1d44506883d62f52ff91f80,Java,98,1,1
c23,qpython,qpython-android,https://github.com/qpython-android/qpython,http://api.github.com,github_repo,6ff783294993b2f3c1d44506883d62f52ff91f80,Java,130,1,1
c23,android-ago,curioustechizen,https://github.com/curioustechizen/android-ago,http://api.github.com,github_repo,6ff783294993b2f3c1d44506883d62f52ff91f80,Java,85,2,1
c23,project-rome,microsoft,https://github.com/microsoft/project-rome,http://api.github.com,github_repo,6ff783294993b2f3c1d44506883d62f52ff91f80,Java,423,3,1
c23,sqlite-android,requery,https://github.com/requery/sqlite-android,http://api.github.com,github_repo,6ff783294993b2f3c1d44506883d62f52ff91f80,Java,148,4,1
c23,SuperListview,dommerq,https://github.com/dommerq/SuperListview,http://api.github.com,github_repo,6ff783294993b2f3c1d44506883d62f52ff91f80,Java,75,4,1
c23,scoop,lyft,https://github.com/lyft/scoop,http://api.github.com,github_repo,6ff783294993b2f3c1d44506883d62f52ff91f80,Java,153,9,1
c23,android-transcoder,ypresto,https://github.com/ypresto/android-transcoder,http://api.github.com,github_repo,6ff783294993b2f3c1d44506883d62f52ff91f80,Java,80,10,1
c23,dcevm,dcevm,https://github.com/dcevm/dcevm,http://api.github.com,github_repo,6ff783294993b2f3c1d44506883d62f52ff91f80,Java,230,11,1
c23,progressbar,ctongfei,https://github.com/ctongfei/progressbar,http://api.github.com,github_repo,6ff783294993b2f3c1d44506883d62f52ff91f80,Java,142,12,1
c23,moditect,moditect,https://github.com/moditect/moditect,http://api.github.com,github_repo,6ff783294993b2f3c1d44506883d62f52ff91f80,Java,153,13,1
c23,clean-status-bar,emmaguy,https://github.com/emmaguy/clean-status-bar,http://api.github.com,github_repo,6ff783294993b2f3c1d44506883d62f52ff91f80,Java,168,13,1
c23,react-native-background-job,vikeri,https://github.com/vikeri/react-native-background-job,http://api.github.com,github_repo,6ff783294993b2f3c1d44506883d62f52ff91f80,Java,179,14,1
c23,easygcm,inloop,https://github.com/inloop/easygcm,http://api.github.com,github_repo,6ff783294993b2f3c1d44506883d62f52ff91f80,Java,99,16,1
c23,ion-java,amzn,https://github.com/amzn/ion-java,http://api.github.com,github_repo,6ff783294993b2f3c1d44506883d62f52ff91f80,Java,147,16,1
c23,SoLoader,facebook,https://github.com/facebook/SoLoader,http://api.github.com,github_repo,6ff783294993b2f3c1d44506883d62f52ff91f80,Java,145,16,1
c23,UpdateChecker,rampo,https://github.com/rampo/UpdateChecker,http://api.github.com,github_repo,6ff783294993b2f3c1d44506883d62f52ff91f80,Java,356,16,1
c23,arara,cereda,https://github.com/cereda/arara,http://api.github.com,github_repo,6ff783294993b2f3c1d44506883d62f52ff91f80,Java,804,17,1
c23,swipe-button,ebanx,https://github.com/ebanx/swipe-button,http://api.github.com,github_repo,6ff783294993b2f3c1d44506883d62f52ff91f80,Java,149,17,1
c23,DaggerMock,fabioCollini,https://github.com/fabioCollini/DaggerMock,http://api.github.com,github_repo,6ff783294993b2f3c1d44506883d62f52ff91f80,Java,236,18,1
c23,react-native-dialogs,aakashns,https://github.com/aakashns/react-native-dialogs,http://api.github.com,github_repo,6ff783294993b2f3c1d44506883d62f52ff91f80,Java,171,19,1
c23,sofa-tracer,sofastack,https://github.com/sofastack/sofa-tracer,http://api.github.com,github_repo,6ff783294993b2f3c1d44506883d62f52ff91f80,Java,249,21,1
c23,spring-javaformat,spring-io,https://github.com/spring-io/spring-javaformat,http://api.github.com,github_repo,6ff783294993b2f3c1d44506883d62f52ff91f80,Java,322,22,1
c23,JSONassert,skyscreamer,https://github.com/skyscreamer/JSONassert,http://api.github.com,github_repo,6ff783294993b2f3c1d44506883d62f52ff91f80,Java,207,22,1
c23,app-icon,dwmkerr,https://github.com/dwmkerr/app-icon,http://api.github.com,github_repo,6ff783294993b2f3c1d44506883d62f52ff91f80,Java,242,24,1
c23,pacbot,tmobile,https://github.com/tmobile/pacbot,http://api.github.com,github_repo,6ff783294993b2f3c1d44506883d62f52ff91f80,Java,967,24,1
c23,eo,yegor256,https://github.com/yegor256/eo,http://api.github.com,github_repo,6ff783294993b2f3c1d44506883d62f52ff91f80,Java,211,25,1
c23,RxJavaFX,ReactiveX,https://github.com/ReactiveX/RxJavaFX,http://api.github.com,github_repo,6ff783294993b2f3c1d44506883d62f52ff91f80,Java,327,26,1
c23,Material-Calendar-View,Applandeo,https://github.com/Applandeo/Material-Calendar-View,http://api.github.com,github_repo,6ff783294993b2f3c1d44506883d62f52ff91f80,Java,218,30,1
c23,android-test,android,https://github.com/android/android-test,http://api.github.com,github_repo,6ff783294993b2f3c1d44506883d62f52ff91f80,Java,575,31,1
c23,react-native-sensitive-info,mCodex,https://github.com/mCodex/react-native-sensitive-info,http://api.github.com,github_repo,6ff783294993b2f3c1d44506883d62f52ff91f80,Java,305,31,1
c23,loklak_wok_android,fossasia,https://github.com/fossasia/loklak_wok_android,http://api.github.com,github_repo,6ff783294993b2f3c1d44506883d62f52ff91f80,Java,106,32,1
c23,SpringCloud,zhoutaoo,https://github.com/zhoutaoo/SpringCloud,http://api.github.com,github_repo,6ff783294993b2f3c1d44506883d62f52ff91f80,Java,585,33,1
c23,kafkahq,tchiotludo,https://github.com/tchiotludo/kafkahq,http://api.github.com,github_repo,6ff783294993b2f3c1d44506883d62f52ff91f80,Java,245,36,1
c23,react-native-screens,kmagiera,https://github.com/kmagiera/react-native-screens,http://api.github.com,github_repo,6ff783294993b2f3c1d44506883d62f52ff91f80,Java,229,38,1
c23,dns66,julian-klode,https://github.com/julian-klode/dns66,http://api.github.com,github_repo,6ff783294993b2f3c1d44506883d62f52ff91f80,Java,321,40,1
c23,truetime-android,instacart,https://github.com/instacart/truetime-android,http://api.github.com,github_repo,6ff783294993b2f3c1d44506883d62f52ff91f80,Java,192,43,1
c23,MaterialScrollBar,turing-tech,https://github.com/turing-tech/MaterialScrollBar,http://api.github.com,github_repo,6ff783294993b2f3c1d44506883d62f52ff91f80,Java,224,44,1
c23,fragmentargs,sockeqwe,https://github.com/sockeqwe/fragmentargs,http://api.github.com,github_repo,6ff783294993b2f3c1d44506883d62f52ff91f80,Java,182,46,1
c23,freeline,alibaba,https://github.com/alibaba/freeline,http://api.github.com,github_repo,6ff783294993b2f3c1d44506883d62f52ff91f80,Java,410,46,1
c23,postgres-async-driver,alaisi,https://github.com/alaisi/postgres-async-driver,http://api.github.com,github_repo,6ff783294993b2f3c1d44506883d62f52ff91f80,Java,166,49,1
c23,tikxml,Tickaroo,https://github.com/Tickaroo/tikxml,http://api.github.com,github_repo,6ff783294993b2f3c1d44506883d62f52ff91f80,Java,343,56,1
c23,archaius,Netflix,https://github.com/Netflix/archaius,http://api.github.com,github_repo,6ff783294993b2f3c1d44506883d62f52ff91f80,Java,637,59,1
c23,intellij-plugin-save-actions,dubreuia,https://github.com/dubreuia/intellij-plugin-save-actions,http://api.github.com,github_repo,6ff783294993b2f3c1d44506883d62f52ff91f80,Java,285,62,1
c23,iceberg,Netflix,https://github.com/Netflix/iceberg,http://api.github.com,github_repo,6ff783294993b2f3c1d44506883d62f52ff91f80,Java,278,63,1
c23,material-remixer-android,material-foundation,https://github.com/material-foundation/material-remixer-android,http://api.github.com,github_repo,6ff783294993b2f3c1d44506883d62f52ff91f80,Java,372,63,1
c23,signal-cli,AsamK,https://github.com/AsamK/signal-cli,http://api.github.com,github_repo,6ff783294993b2f3c1d44506883d62f52ff91f80,Java,337,68,1
c23,java-object-diff,SQiShER,https://github.com/SQiShER/java-object-diff,http://api.github.com,github_repo,6ff783294993b2f3c1d44506883d62f52ff91f80,Java,453,70,1
c23,derive4j,derive4j,https://github.com/derive4j/derive4j,http://api.github.com,github_repo,6ff783294993b2f3c1d44506883d62f52ff91f80,Java,251,72,1
c23,EclipseCodeFormatter,krasa,https://github.com/krasa/EclipseCodeFormatter,http://api.github.com,github_repo,6ff783294993b2f3c1d44506883d62f52ff91f80,Java,281,74,1
c23,Android-ObservableScrollView,ksoichiro,https://github.com/ksoichiro/Android-ObservableScrollView,http://api.github.com,github_repo,6ff783294993b2f3c1d44506883d62f52ff91f80,Java,383,80,1
c23,polyglot,grpc-ecosystem,https://github.com/grpc-ecosystem/polyglot,http://api.github.com,github_repo,6ff783294993b2f3c1d44506883d62f52ff91f80,Java,287,83,1
c23,Much-Assembly-Required,simon987,https://github.com/simon987/Much-Assembly-Required,http://api.github.com,github_repo,6ff783294993b2f3c1d44506883d62f52ff91f80,Java,401,87,1
c23,vulnerability-assessment-tool,SAP,https://github.com/SAP/vulnerability-assessment-tool,http://api.github.com,github_repo,6ff783294993b2f3c1d44506883d62f52ff91f80,Java,1077,87,1
c23,pojobuilder,mkarneim,https://github.com/mkarneim/pojobuilder,http://api.github.com,github_repo,6ff783294993b2f3c1d44506883d62f52ff91f80,Java,573,93,1
c23,docker-compose-rule,palantir,https://github.com/palantir/docker-compose-rule,http://api.github.com,github_repo,6ff783294993b2f3c1d44506883d62f52ff91f80,Java,662,97,1
c23,Sudachi,WorksApplications,https://github.com/WorksApplications/Sudachi,http://api.github.com,github_repo,6ff783294993b2f3c1d44506883d62f52ff91f80,Java,515,100,1
c23,RustDT,RustDT,https://github.com/RustDT/RustDT,http://api.github.com,github_repo,6ff783294993b2f3c1d44506883d62f52ff91f80,Java,2063,123,1
c23,fdb-record-layer,FoundationDB,https://github.com/FoundationDB/fdb-record-layer,http://api.github.com,github_repo,6ff783294993b2f3c1d44506883d62f52ff91f80,Java,936,128,1
c23,rxjava-jdbc,davidmoten,https://github.com/davidmoten/rxjava-jdbc,http://api.github.com,github_repo,6ff783294993b2f3c1d44506883d62f52ff91f80,Java,846,128,1
c23,manifold,manifold-systems,https://github.com/manifold-systems/manifold,http://api.github.com,github_repo,6ff783294993b2f3c1d44506883d62f52ff91f80,Java,1486,136,1
c23,Elephant,jusu,https://github.com/jusu/Elephant,http://api.github.com,github_repo,6ff783294993b2f3c1d44506883d62f52ff91f80,Java,675,137,1
c23,keystore-explorer,kaikramer,https://github.com/kaikramer/keystore-explorer,http://api.github.com,github_repo,6ff783294993b2f3c1d44506883d62f52ff91f80,Java,639,137,1
c23,airsonic,airsonic,https://github.com/airsonic/airsonic,http://api.github.com,github_repo,6ff783294993b2f3c1d44506883d62f52ff91f80,Java,1379,138,1
c23,dagger,square,https://github.com/square/dagger,http://api.github.com,github_repo,6ff783294993b2f3c1d44506883d62f52ff91f80,Java,701,144,1
c23,PreferencesFX,dlsc-software-consulting-gmbh,https://github.com/dlsc-software-consulting-gmbh/PreferencesFX,http://api.github.com,github_repo,6ff783294993b2f3c1d44506883d62f52ff91f80,Java,1051,147,1
c23,javacc,javacc,https://github.com/javacc/javacc,http://api.github.com,github_repo,6ff783294993b2f3c1d44506883d62f52ff91f80,Java,1098,153,1
c23,scribejava,scribejava,https://github.com/scribejava/scribejava,http://api.github.com,github_repo,6ff783294993b2f3c1d44506883d62f52ff91f80,Java,1142,155,1
c23,gerrit-intellij-plugin,uwolfer,https://github.com/uwolfer/gerrit-intellij-plugin,http://api.github.com,github_repo,6ff783294993b2f3c1d44506883d62f52ff91f80,Java,696,156,1
c23,s3proxy,gaul,https://github.com/gaul/s3proxy,http://api.github.com,github_repo,6ff783294993b2f3c1d44506883d62f52ff91f80,Java,781,168,1
c23,metacat,Netflix,https://github.com/Netflix/metacat,http://api.github.com,github_repo,6ff783294993b2f3c1d44506883d62f52ff91f80,Java,400,169,1
c23,subclipse,subclipse,https://github.com/subclipse/subclipse,http://api.github.com,github_repo,6ff783294993b2f3c1d44506883d62f52ff91f80,Java,2619,177,1
c23,couchdb-lucene,rnewson,https://github.com/rnewson/couchdb-lucene,http://api.github.com,github_repo,6ff783294993b2f3c1d44506883d62f52ff91f80,Java,1121,177,1
c23,spectator,Netflix,https://github.com/Netflix/spectator,http://api.github.com,github_repo,6ff783294993b2f3c1d44506883d62f52ff91f80,Java,1087,179,1
c23,jboss-eap-quickstarts,jboss-developer,https://github.com/jboss-developer/jboss-eap-quickstarts,http://api.github.com,github_repo,6ff783294993b2f3c1d44506883d62f52ff91f80,Java,1973,181,1
c23,picasso,square,https://github.com/square/picasso,http://api.github.com,github_repo,6ff783294993b2f3c1d44506883d62f52ff91f80,Java,1364,183,1
c23,FreeBuilder,inferred,https://github.com/inferred/FreeBuilder,http://api.github.com,github_repo,6ff783294993b2f3c1d44506883d62f52ff91f80,Java,930,187,1
c23,graphicsfuzz,google,https://github.com/google/graphicsfuzz,http://api.github.com,github_repo,6ff783294993b2f3c1d44506883d62f52ff91f80,Java,484,193,1
c23,Telegram,DrKLO,https://github.com/DrKLO/Telegram,http://api.github.com,github_repo,6ff783294993b2f3c1d44506883d62f52ff91f80,Java,342,193,1
c23,Telegram-FOSS,Telegram-FOSS-Team,https://github.com/Telegram-FOSS-Team/Telegram-FOSS,http://api.github.com,github_repo,6ff783294993b2f3c1d44506883d62f52ff91f80,Java,375,193,1
c23,Grammar-Kit,JetBrains,https://github.com/JetBrains/Grammar-Kit,http://api.github.com,github_repo,6ff783294993b2f3c1d44506883d62f52ff91f80,Java,1043,203,1
c23,macrobase,stanford-futuredata,https://github.com/stanford-futuredata/macrobase,http://api.github.com,github_repo,6ff783294993b2f3c1d44506883d62f52ff91f80,Java,432,203,1
c23,zotfile,jlegewie,https://github.com/jlegewie/zotfile,http://api.github.com,github_repo,6ff783294993b2f3c1d44506883d62f52ff91f80,Java,1071,206,1
c23,springside4,springside,https://github.com/springside/springside4,http://api.github.com,github_repo,6ff783294993b2f3c1d44506883d62f52ff91f80,Java,1074,213,1
c23,disruptor,LMAX-Exchange,https://github.com/LMAX-Exchange/disruptor,http://api.github.com,github_repo,6ff783294993b2f3c1d44506883d62f52ff91f80,Java,958,214,1
c23,ActionBarSherlock,JakeWharton,https://github.com/JakeWharton/ActionBarSherlock,http://api.github.com,github_repo,6ff783294993b2f3c1d44506883d62f52ff91f80,Java,1480,219,1
c23,getdown,threerings,https://github.com/threerings/getdown,http://api.github.com,github_repo,6ff783294993b2f3c1d44506883d62f52ff91f80,Java,935,220,1
c23,roboguice,roboguice,https://github.com/roboguice/roboguice,http://api.github.com,github_repo,6ff783294993b2f3c1d44506883d62f52ff91f80,Java,1054,222,1
c23,hollow,Netflix,https://github.com/Netflix/hollow,http://api.github.com,github_repo,6ff783294993b2f3c1d44506883d62f52ff91f80,Java,904,222,1
c23,Easer,renyuneyun,https://github.com/renyuneyun/Easer,http://api.github.com,github_repo,6ff783294993b2f3c1d44506883d62f52ff91f80,Java,1120,225,1
c23,Android-Orma,maskarade,https://github.com/maskarade/Android-Orma,http://api.github.com,github_repo,6ff783294993b2f3c1d44506883d62f52ff91f80,Java,1550,234,1
c23,Hystrix,Netflix,https://github.com/Netflix/Hystrix,http://api.github.com,github_repo,6ff783294993b2f3c1d44506883d62f52ff91f80,Java,2109,241,1
c23,facebook-android-sdk,facebook,https://github.com/facebook/facebook-android-sdk,http://api.github.com,github_repo,6ff783294993b2f3c1d44506883d62f52ff91f80,Java,1355,250,1
c23,uhabits,iSoron,https://github.com/iSoron/uhabits,http://api.github.com,github_repo,6ff783294993b2f3c1d44506883d62f52ff91f80,Java,1379,277,1
c23,heroic,spotify,https://github.com/spotify/heroic,http://api.github.com,github_repo,6ff783294993b2f3c1d44506883d62f52ff91f80,Java,1216,279,1
c23,TrebleShot,genonbeta,https://github.com/genonbeta/TrebleShot,http://api.github.com,github_repo,6ff783294993b2f3c1d44506883d62f52ff91f80,Java,1240,283,1
c23,pebble,PebbleTemplates,https://github.com/PebbleTemplates/pebble,http://api.github.com,github_repo,6ff783294993b2f3c1d44506883d62f52ff91f80,Java,1162,310,1
c23,jedis,xetorthio,https://github.com/xetorthio/jedis,http://api.github.com,github_repo,6ff783294993b2f3c1d44506883d62f52ff91f80,Java,1610,313,1
c23,apollo-android,apollographql,https://github.com/apollographql/apollo-android,http://api.github.com,github_repo,6ff783294993b2f3c1d44506883d62f52ff91f80,Java,1048,314,1
c23,TestFX,TestFX,https://github.com/TestFX/TestFX,http://api.github.com,github_repo,6ff783294993b2f3c1d44506883d62f52ff91f80,Java,1061,315,1
c23,mini2Dx,mini2Dx,https://github.com/mini2Dx/mini2Dx,http://api.github.com,github_repo,6ff783294993b2f3c1d44506883d62f52ff91f80,Java,1327,317,1
c23,jBrowserDriver,MachinePublishers,https://github.com/MachinePublishers/jBrowserDriver,http://api.github.com,github_repo,6ff783294993b2f3c1d44506883d62f52ff91f80,Java,960,320,1
c23,BiglyBT,BiglySoftware,https://github.com/BiglySoftware/BiglyBT,http://api.github.com,github_repo,6ff783294993b2f3c1d44506883d62f52ff91f80,Java,2328,336,1
c23,parquet-mr,apache,https://github.com/apache/parquet-mr,http://api.github.com,github_repo,6ff783294993b2f3c1d44506883d62f52ff91f80,Java,2132,341,1
c23,jsoup,jhy,https://github.com/jhy/jsoup,http://api.github.com,github_repo,6ff783294993b2f3c1d44506883d62f52ff91f80,Java,1261,355,1
c23,cassandra-lucene-index,Stratio,https://github.com/Stratio/cassandra-lucene-index,http://api.github.com,github_repo,6ff783294993b2f3c1d44506883d62f52ff91f80,Java,1114,360,1
c23,cyclops-integration,aol,https://github.com/aol/cyclops-integration,http://api.github.com,github_repo,6ff783294993b2f3c1d44506883d62f52ff91f80,Java,1299,361,1
c23,AndroidAsync,koush,https://github.com/koush/AndroidAsync,http://api.github.com,github_repo,6ff783294993b2f3c1d44506883d62f52ff91f80,Java,1081,361,1
c23,opsu,itdelatrisu,https://github.com/itdelatrisu/opsu,http://api.github.com,github_repo,6ff783294993b2f3c1d44506883d62f52ff91f80,Java,947,398,1
c23,metrics,dropwizard,https://github.com/dropwizard/metrics,http://api.github.com,github_repo,6ff783294993b2f3c1d44506883d62f52ff91f80,Java,2580,429,1
c23,amidst,toolbox4minecraft,https://github.com/toolbox4minecraft/amidst,http://api.github.com,github_repo,6ff783294993b2f3c1d44506883d62f52ff91f80,Java,2055,475,1
c23,jsweet,cincheo,https://github.com/cincheo/jsweet,http://api.github.com,github_repo,6ff783294993b2f3c1d44506883d62f52ff91f80,Java,1358,481,1
c23,pgjdbc-ng,impossibl,https://github.com/impossibl/pgjdbc-ng,http://api.github.com,github_repo,6ff783294993b2f3c1d44506883d62f52ff91f80,Java,863,482,1
c23,qbit,advantageous,https://github.com/advantageous/qbit,http://api.github.com,github_repo,6ff783294993b2f3c1d44506883d62f52ff91f80,Java,1717,492,1
c23,thingsboard,thingsboard,https://github.com/thingsboard/thingsboard,http://api.github.com,github_repo,6ff783294993b2f3c1d44506883d62f52ff91f80,Java,2805,526,1
c23,blueflood,rackerlabs,https://github.com/rackerlabs/blueflood,http://api.github.com,github_repo,6ff783294993b2f3c1d44506883d62f52ff91f80,Java,2967,566,1
c23,androidannotations,androidannotations,https://github.com/androidannotations/androidannotations,http://api.github.com,github_repo,6ff783294993b2f3c1d44506883d62f52ff91f80,Java,2908,583,1
c23,digdag,treasure-data,https://github.com/treasure-data/digdag,http://api.github.com,github_repo,6ff783294993b2f3c1d44506883d62f52ff91f80,Java,3667,604,1
c23,openrouteservice,GIScience,https://github.com/GIScience/openrouteservice,http://api.github.com,github_repo,6ff783294993b2f3c1d44506883d62f52ff91f80,Java,1770,618,1
c23,openrouteservice,GIScience,https://github.com/GIScience/openrouteservice,http://api.github.com,github_repo,6ff783294993b2f3c1d44506883d62f52ff91f80,Java,1770,618,1
c23,nzbhydra2,theotherp,https://github.com/theotherp/nzbhydra2,http://api.github.com,github_repo,6ff783294993b2f3c1d44506883d62f52ff91f80,Java,1752,648,1
c23,phpinspectionsea,kalessil,https://github.com/kalessil/phpinspectionsea,http://api.github.com,github_repo,6ff783294993b2f3c1d44506883d62f52ff91f80,Java,5188,667,1
c23,phoenicis,PhoenicisOrg,https://github.com/PhoenicisOrg/phoenicis,http://api.github.com,github_repo,6ff783294993b2f3c1d44506883d62f52ff91f80,Java,2523,680,1
c23,guice,google,https://github.com/google/guice,http://api.github.com,github_repo,6ff783294993b2f3c1d44506883d62f52ff91f80,Java,1744,688,1
c23,chunky,llbit,https://github.com/llbit/chunky,http://api.github.com,github_repo,6ff783294993b2f3c1d44506883d62f52ff91f80,Java,1238,713,1
c23,dropwizard,dropwizard,https://github.com/dropwizard/dropwizard,http://api.github.com,github_repo,6ff783294993b2f3c1d44506883d62f52ff91f80,Java,5219,821,1
c23,Digital,hneemann,https://github.com/hneemann/Digital,http://api.github.com,github_repo,6ff783294993b2f3c1d44506883d62f52ff91f80,Java,3658,824,1
c23,intellij-elixir,KronicDeth,https://github.com/KronicDeth/intellij-elixir,http://api.github.com,github_repo,6ff783294993b2f3c1d44506883d62f52ff91f80,Java,4252,848,1
c23,nakadi,zalando,https://github.com/zalando/nakadi,http://api.github.com,github_repo,6ff783294993b2f3c1d44506883d62f52ff91f80,Java,5091,870,1
c23,Discord4J,Discord4J,https://github.com/Discord4J/Discord4J,http://api.github.com,github_repo,6ff783294993b2f3c1d44506883d62f52ff91f80,Java,2607,894,1
c23,OpenRefine,OpenRefine,https://github.com/OpenRefine/OpenRefine,http://api.github.com,github_repo,6ff783294993b2f3c1d44506883d62f52ff91f80,Java,4502,895,1
c23,nokogiri,sparklemotion,https://github.com/sparklemotion/nokogiri,http://api.github.com,github_repo,6ff783294993b2f3c1d44506883d62f52ff91f80,Java,4618,962,1
c23,rapidoid,rapidoid,https://github.com/rapidoid/rapidoid,http://api.github.com,github_repo,6ff783294993b2f3c1d44506883d62f52ff91f80,Java,5200,964,1
c27,How-to-Make-a-Computer-Operating-System,SamyPesse,https://github.com/SamyPesse/How-to-Make-a-Computer-Operating-System.git,http://api.github.com,github_repo,,C,243,1,1
c27,friendlychat-android,firebase,https://github.com/firebase/friendlychat-android,http://api.github.com,github_repo,,Java,34,1,1
c27,paho.mqtt.android,eclipse,https://github.com/eclipse/paho.mqtt.android,http://api.github.com,github_repo,,Java,195,1,1
c27,paho.mqtt.java,eclipse,https://github.com/eclipse/paho.mqtt.java,http://api.github.com,github_repo,,Java,751,1,1
c27,android-docs-samples,GoogleCloudPlatform,https://github.com/GoogleCloudPlatform/android-docs-samples,http://api.github.com,github_repo,,Java,87,1,1
c27,Toasty,GrenderG,https://github.com/GrenderG/Toasty,http://api.github.com,github_repo,,Java,147,1,1
c27,android-mvvm-architecture,MindorksOpenSource,https://github.com/MindorksOpenSource/android-mvvm-architecture,http://api.github.com,github_repo,,Java,116,1,1
c27,recipes-rss,Netflix,https://github.com/Netflix/recipes-rss,http://api.github.com,github_repo,,Java,80,1,1
c27,Pix-EzViewer,Notsfsssf,https://github.com/Notsfsssf/Pix-EzViewer,http://api.github.com,github_repo,,Java,177,2,1
c27,FastScroll,L4Digital,https://github.com/L4Digital/FastScroll,http://api.github.com,github_repo,,Java,44,2,1
c27,recyclerviewhelper,nisrulz,https://github.com/nisrulz/recyclerviewhelper,http://api.github.com,github_repo,,Java,104,2,1
c27,MaterialFavoriteButton,IvBaranov,https://github.com/IvBaranov/MaterialFavoriteButton,http://api.github.com,github_repo,,Java,41,2,1
c27,MaterialPreferenceLibrary,AndroidDeveloperLB,https://github.com/AndroidDeveloperLB/MaterialPreferenceLibrary,http://api.github.com,github_repo,,Java,96,2,1
c27,CircleSeekbar,feeeei,https://github.com/feeeei/CircleSeekbar,http://api.github.com,github_repo,,Java,67,2,1
c27,TaskScheduler,SilenceDut,https://github.com/SilenceDut/TaskScheduler,http://api.github.com,github_repo,,Java,71,2,1
c27,TextLayoutBuilder,facebook,https://github.com/facebook/TextLayoutBuilder,http://api.github.com,github_repo,,Java,71,2,1
c27,BubbleView,cpiz,https://github.com/cpiz/BubbleView,http://api.github.com,github_repo,,Java,104,2,1
c27,Mappedbus,caplogic,https://github.com/caplogic/Mappedbus,http://api.github.com,github_repo,,Java,227,2,1
c27,sbt-android,scala-android,https://github.com/scala-android/sbt-android,http://api.github.com,github_repo,,Java,1284,3,1
c27,openhab-core,openhab,https://github.com/openhab/openhab-core,http://api.github.com,github_repo,,Java,920,3,1
c27,ReLinker,KeepSafe,https://github.com/KeepSafe/ReLinker,http://api.github.com,github_repo,,Java,86,3,1
c27,Moss,SpringCloud,https://github.com/SpringCloud/Moss,http://api.github.com,github_repo,,Java,106,3,1
c27,HackerRank,RyanFehr,https://github.com/RyanFehr/HackerRank,http://api.github.com,github_repo,,Java,731,3,1
c27,MifareClassicTool,ikarus23,https://github.com/ikarus23/MifareClassicTool,http://api.github.com,github_repo,,Java,717,3,1
c27,RxJava2-Android-Samples,amitshekhariitbhu,https://github.com/amitshekhariitbhu/RxJava2-Android-Samples,http://api.github.com,github_repo,,Java,185,3,1
c27,project-examples,jfrog,https://github.com/jfrog/project-examples,http://api.github.com,github_repo,,Java,480,3,1
c27,rx-preferences,f2prateek,https://github.com/f2prateek/rx-preferences,http://api.github.com,github_repo,,Java,132,3,1
c27,crystal-range-seekbar,syedowaisali,https://github.com/syedowaisali/crystal-range-seekbar,http://api.github.com,github_repo,,Java,90,3,1
c27,restcountries,apilayer,https://github.com/apilayer/restcountries,http://api.github.com,github_repo,,Java,760,3,1
c27,DataFixerUpper,Mojang,https://github.com/Mojang/DataFixerUpper,http://api.github.com,github_repo,,Java,35,3,1
c27,apk-dependency-graph,alexzaitsev,https://github.com/alexzaitsev/apk-dependency-graph,http://api.github.com,github_repo,,Java,121,3,1
c27,PDFLayoutTextStripper,JonathanLink,https://github.com/JonathanLink/PDFLayoutTextStripper,http://api.github.com,github_repo,,Java,43,3,1
c27,morphy-toolbar,badoualy,https://github.com/badoualy/morphy-toolbar,http://api.github.com,github_repo,,Java,36,3,1
c27,circular-music-progressbar,aliab,https://github.com/aliab/circular-music-progressbar,http://api.github.com,github_repo,,Java,53,3,1
c27,ExoPlayerFilter,MasayukiSuda,https://github.com/MasayukiSuda/ExoPlayerFilter,http://api.github.com,github_repo,,Java,61,3,1
c27,UserGuideView,yilylong,https://github.com/yilylong/UserGuideView,http://api.github.com,github_repo,,Java,76,3,1
c27,Canvas2ImagePlugin,devgeeks,https://github.com/devgeeks/Canvas2ImagePlugin,http://api.github.com,github_repo,,Java,53,4,1
c27,Algorithms-Hacktoberfest,fnplus,https://github.com/fnplus/Algorithms-Hacktoberfest,http://api.github.com,github_repo,,Java,608,4,1
c27,sonar-custom-rules-examples,SonarSource,https://github.com/SonarSource/sonar-custom-rules-examples,http://api.github.com,github_repo,,Java,98,4,1
c27,Intro-To-RxJava,Froussios,https://github.com/Froussios/Intro-To-RxJava,http://api.github.com,github_repo,,Java,310,4,1
c27,Swipeable-Cards,kikoso,https://github.com/kikoso/Swipeable-Cards,http://api.github.com,github_repo,,Java,76,4,1
c27,RootTools,Stericson,https://github.com/Stericson/RootTools,http://api.github.com,github_repo,,Java,69,4,1
c27,Hacktoberfest-Data-Structure-and-Algorithms,BaReinhard,https://github.com/BaReinhard/Hacktoberfest-Data-Structure-and-Algorithms,http://api.github.com,github_repo,,Java,706,4,1
c27,ToggleButton,zcweng,https://github.com/zcweng/ToggleButton,http://api.github.com,github_repo,,Java,57,4,1
c27,2048-android,uberspot,https://github.com/uberspot/2048-android,http://api.github.com,github_repo,,Java,90,4,1
c27,cobar,alibaba,https://github.com/alibaba/cobar,http://api.github.com,github_repo,,Java,65,4,1
c27,SmartTabLayout,ogaclejapan,https://github.com/ogaclejapan/SmartTabLayout,http://api.github.com,github_repo,,Java,108,4,1
c27,android-backup-extractor,nelenkov,https://github.com/nelenkov/android-backup-extractor,http://api.github.com,github_repo,,Java,76,4,1
c27,cloudwatch_exporter,prometheus,https://github.com/prometheus/cloudwatch_exporter,http://api.github.com,github_repo,,Java,126,4,1
c27,react-native-webview-android,lucasferreira,https://github.com/lucasferreira/react-native-webview-android,http://api.github.com,github_repo,,Java,86,4,1
c27,Shuffle,Meetic,https://github.com/Meetic/Shuffle,http://api.github.com,github_repo,,Java,30,4,1
c27,AutoEx,BolexLiu,https://github.com/BolexLiu/AutoEx,http://api.github.com,github_repo,,Java,37,4,1
c27,react-native-quick-actions,jordanbyron,https://github.com/jordanbyron/react-native-quick-actions,http://api.github.com,github_repo,,Java,104,4,1
c27,TimetableView,zfman,https://github.com/zfman/TimetableView,http://api.github.com,github_repo,,Java,144,4,1
c27,ViewSupport,GcsSloop,https://github.com/GcsSloop/ViewSupport,http://api.github.com,github_repo,,Java,64,4,1
c27,Isometric,FabianTerhorst,https://github.com/FabianTerhorst/Isometric,http://api.github.com,github_repo,,Java,81,4,1
c27,SHSegmentControl,7heaven,https://github.com/7heaven/SHSegmentControl,http://api.github.com,github_repo,,Java,96,4,1
c27,wrk,wg,https://github.com/wg/wrk.git,http://api.github.com,github_repo,,C,76,5,1
c27,MaterialAbout,jrvansuita,https://github.com/jrvansuita/MaterialAbout,http://api.github.com,github_repo,,Java,167,5,1
c27,Competitive-programming-library,AhmadElsagheer,https://github.com/AhmadElsagheer/Competitive-programming-library,http://api.github.com,github_repo,,Java,276,5,1
c27,TubeMQ,Tencent,https://github.com/Tencent/TubeMQ,http://api.github.com,github_repo,,Java,92,5,1
c27,android-actionbar,johannilsson,https://github.com/johannilsson/android-actionbar,http://api.github.com,github_repo,,Java,79,5,1
c27,aws-big-data-blog,aws-samples,https://github.com/aws-samples/aws-big-data-blog,http://api.github.com,github_repo,,Java,373,5,1
c27,BarcodeScanner,wildabeast,https://github.com/wildabeast/BarcodeScanner,http://api.github.com,github_repo,,Java,202,5,1
c27,CtCI-6th-Edition,careercup,https://github.com/careercup/CtCI-6th-Edition,http://api.github.com,github_repo,,Java,393,7,1
c27,spring-mvc-showcase,spring-projects,https://github.com/spring-projects/spring-mvc-showcase,http://api.github.com,github_repo,,Java,76,7,1
c27,spring-cloud-kubernetes,fabric8io,https://github.com/fabric8io/spring-cloud-kubernetes,http://api.github.com,github_repo,,Java,146,7,1
c27,RMSwitch,RiccardoMoro,https://github.com/RiccardoMoro/RMSwitch,http://api.github.com,github_repo,,Java,46,7,1
c27,easy-adapter,ribot,https://github.com/ribot/easy-adapter,http://api.github.com,github_repo,,Java,165,7,1
c27,XmlToJson,smart-fun,https://github.com/smart-fun/XmlToJson,http://api.github.com,github_repo,,Java,63,7,1
c27,android-audio-visualizer,GautamChibde,https://github.com/GautamChibde/android-audio-visualizer,http://api.github.com,github_repo,,Java,59,7,1
c27,EasyMVP,6thsolution,https://github.com/6thsolution/EasyMVP,http://api.github.com,github_repo,,Java,107,7,1
c27,ColorPickerView,skydoves,https://github.com/skydoves/ColorPickerView,http://api.github.com,github_repo,,Java,160,7,1
c27,GroupedRecyclerViewAdapter,donkingliang,https://github.com/donkingliang/GroupedRecyclerViewAdapter,http://api.github.com,github_repo,,Java,69,7,1
c27,PowerMenu,skydoves,https://github.com/skydoves/PowerMenu,http://api.github.com,github_repo,,Java,189,7,1
c27,TagsEditText,mabbas007,https://github.com/mabbas007/TagsEditText,http://api.github.com,github_repo,,Java,50,7,1
c27,AutoUpdateProject,MZCretin,https://github.com/MZCretin/AutoUpdateProject,http://api.github.com,github_repo,,Java,99,7,1
c27,maven-plugins,apache,https://github.com/apache/maven-plugins,http://api.github.com,github_repo,,Java,231,8,1
c27,CameraFragment,florent37,https://github.com/florent37/CameraFragment,http://api.github.com,github_repo,,Java,78,8,1
c27,carbon-apimgt,wso2,https://github.com/wso2/carbon-apimgt,http://api.github.com,github_repo,,Java,23282,8,1
c27,android-signaturepad,gcacace,https://github.com/gcacace/android-signaturepad,http://api.github.com,github_repo,,Java,105,8,1
c27,junit5-samples,junit-team,https://github.com/junit-team/junit5-samples,http://api.github.com,github_repo,,Java,470,8,1
c27,SoundRecorder,dkim0419,https://github.com/dkim0419/SoundRecorder,http://api.github.com,github_repo,,Java,80,8,1
c27,jd-gui,java-decompiler,https://github.com/java-decompiler/jd-gui,http://api.github.com,github_repo,,Java,253,8,1
c27,aws-apigateway-importer,amazon-archives,https://github.com/amazon-archives/aws-apigateway-importer,http://api.github.com,github_repo,,Java,95,8,1
c27,maven-plugins,github,https://github.com/github/maven-plugins,http://api.github.com,github_repo,,Java,231,8,1
c27,Long-Shadows,harjot-oberai,https://github.com/harjot-oberai/Long-Shadows,http://api.github.com,github_repo,,Java,67,8,1
c27,SmartIM4IntelliJ,Jamling,https://github.com/Jamling/SmartIM4IntelliJ,http://api.github.com,github_repo,,Java,61,8,1
c27,SelectorInjection,tianzhijiexian,https://github.com/tianzhijiexian/SelectorInjection,http://api.github.com,github_repo,,Java,94,8,1
c27,Biscuit,pruas,https://github.com/pruas/Biscuit,http://api.github.com,github_repo,,Java,30,8,1
c27,Badge,nekocode,https://github.com/nekocode/Badge,http://api.github.com,github_repo,,Java,38,8,1
c27,react-native-billing,idehub,https://github.com/idehub/react-native-billing,http://api.github.com,github_repo,,Java,123,8,1
c27,android-kline,VinsonGuo,https://github.com/VinsonGuo/android-kline,http://api.github.com,github_repo,,Java,44,8,1
c27,Turbine,Netflix,https://github.com/Netflix/Turbine,http://api.github.com,github_repo,,Java,164,9,1
c27,movies-java-spring-data-neo4j,neo4j-examples,https://github.com/neo4j-examples/movies-java-spring-data-neo4j,http://api.github.com,github_repo,,Java,35,9,1
c27,spring-xd-samples,spring-projects,https://github.com/spring-projects/spring-xd-samples,http://api.github.com,github_repo,,Java,275,9,1
c27,environment-dashboard,vipinsthename,https://github.com/vipinsthename/environment-dashboard,http://api.github.com,github_repo,,Java,201,9,1
c27,plantuml,plantuml,https://github.com/plantuml/plantuml,http://api.github.com,github_repo,,Java,143,9,1
c27,egads,yahoo,https://github.com/yahoo/egads,http://api.github.com,github_repo,,Java,101,9,1
c27,dockerfile-maven,spotify,https://github.com/spotify/dockerfile-maven,http://api.github.com,github_repo,,Java,203,9,1
c27,android-pdfview,JoanZapata,https://github.com/JoanZapata/android-pdfview,http://api.github.com,github_repo,,Java,82,9,1
c27,rebound,facebook,https://github.com/facebook/rebound,http://api.github.com,github_repo,,Java,125,9,1
c27,react-native-background-timer,ocetnik,https://github.com/ocetnik/react-native-background-timer,http://api.github.com,github_repo,,Java,150,9,1
c27,logback-kafka-appender,danielwegener,https://github.com/danielwegener/logback-kafka-appender,http://api.github.com,github_repo,,Java,132,9,1
c27,SandVXposed,ganyao114,https://github.com/ganyao114/SandVXposed,http://api.github.com,github_repo,,Java,85,12,1
c27,react-native-geolocation-service,Agontuk,https://github.com/Agontuk/react-native-geolocation-service,http://api.github.com,github_repo,,Java,106,13,1
c27,DynamicGrid,askerov,https://github.com/askerov/DynamicGrid,http://api.github.com,github_repo,,Java,80,13,1
c27,bottomsheet,Flipboard,https://github.com/Flipboard/bottomsheet,http://api.github.com,github_repo,,Java,167,13,1
c27,seata-samples,seata,https://github.com/seata/seata-samples,http://api.github.com,github_repo,,Java,236,13,1
c27,HomeMirror,HannahMitt,https://github.com/HannahMitt/HomeMirror,http://api.github.com,github_repo,,Java,115,13,1
c27,emojicon,rockerhieu,https://github.com/rockerhieu/emojicon,http://api.github.com,github_repo,,Java,149,13,1
c27,otto,square,https://github.com/square/otto,http://api.github.com,github_repo,,Java,205,13,1
c27,ip2region,lionsoul2014,https://github.com/lionsoul2014/ip2region,http://api.github.com,github_repo,,Java,255,13,1
c27,native-navigation,airbnb,https://github.com/airbnb/native-navigation,http://api.github.com,github_repo,,Java,140,13,1
c27,joda-time-android,dlew,https://github.com/dlew/joda-time-android,http://api.github.com,github_repo,,Java,361,13,1
c27,ExpandableTextView,MZCretin,https://github.com/MZCretin/ExpandableTextView,http://api.github.com,github_repo,,Java,67,13,1
c27,Reservoir,anupcowkur,https://github.com/anupcowkur/Reservoir,http://api.github.com,github_repo,,Java,113,13,1
c27,tinybus,beworker,https://github.com/beworker/tinybus,http://api.github.com,github_repo,,Java,225,13,1
c27,EasyNavigation,forvv231,https://github.com/forvv231/EasyNavigation,http://api.github.com,github_repo,,Java,66,13,1
c27,RxFingerprint,Mauin,https://github.com/Mauin/RxFingerprint,http://api.github.com,github_repo,,Java,122,13,1
c27,PushSharp,Redth,https://github.com/Redth/PushSharp.git,http://api.github.com,github_repo,,C#,545,14,1
c27,modernizer-maven-plugin,gaul,https://github.com/gaul/modernizer-maven-plugin,http://api.github.com,github_repo,,Java,202,14,1
c27,Launcher,SKCraft,https://github.com/SKCraft/Launcher,http://api.github.com,github_repo,,Java,194,14,1
c27,gs-uploading-files,spring-guides,https://github.com/spring-guides/gs-uploading-files,http://api.github.com,github_repo,,Java,222,14,1
c27,android-flowlayout,ApmeM,https://github.com/ApmeM/android-flowlayout,http://api.github.com,github_repo,,Java,143,14,1
c27,dbeaver,dbeaver,https://github.com/dbeaver/dbeaver,http://api.github.com,github_repo,,Java,15221,14,1
c27,android-mvp-architecture,MindorksOpenSource,https://github.com/MindorksOpenSource/android-mvp-architecture,http://api.github.com,github_repo,,Java,162,14,1
c27,otter,alibaba,https://github.com/alibaba/otter,http://api.github.com,github_repo,,Java,139,14,1
c27,AlphabetIndex-Fast-Scroll-RecyclerView,myinnos,https://github.com/myinnos/AlphabetIndex-Fast-Scroll-RecyclerView,http://api.github.com,github_repo,,Java,106,14,1
c27,CalendarFX,dlsc-software-consulting-gmbh,https://github.com/dlsc-software-consulting-gmbh/CalendarFX,http://api.github.com,github_repo,,Java,168,14,1
c27,knife,bit4woo,https://github.com/bit4woo/knife,http://api.github.com,github_repo,,Java,98,14,1
c27,StepView,shuhart,https://github.com/shuhart/StepView,http://api.github.com,github_repo,,Java,81,14,1
c27,Space-Navigation-View,armcha,https://github.com/armcha/Space-Navigation-View,http://api.github.com,github_repo,,Java,93,15,1
c27,mqtt-client,fusesource,https://github.com/fusesource/mqtt-client,http://api.github.com,github_repo,,Java,160,15,1
c27,emoji-java,vdurmont,https://github.com/vdurmont/emoji-java,http://api.github.com,github_repo,,Java,190,15,1
c27,reflections,ronmamo,https://github.com/ronmamo/reflections,http://api.github.com,github_repo,,Java,144,15,1
c27,databus,linkedin,https://github.com/linkedin/databus,http://api.github.com,github_repo,,Java,328,15,1
c27,Once,jonfinerty,https://github.com/jonfinerty/Once,http://api.github.com,github_repo,,Java,119,15,1
c27,aho-corasick,robert-bor,https://github.com/robert-bor/aho-corasick,http://api.github.com,github_repo,,Java,88,16,1
c27,Android-ReactiveLocation,mcharmas,https://github.com/mcharmas/Android-ReactiveLocation,http://api.github.com,github_repo,,Java,168,16,1
c27,gradle-retrolambda,evant,https://github.com/evant/gradle-retrolambda,http://api.github.com,github_repo,,Java,337,16,1
c27,SmoothProgressBar,castorflex,https://github.com/castorflex/SmoothProgressBar,http://api.github.com,github_repo,,Java,169,16,1
c27,JustAuth,justauth,https://github.com/justauth/JustAuth,http://api.github.com,github_repo,,Java,435,16,1
c27,react-native-intercom,tinycreative,https://github.com/tinycreative/react-native-intercom,http://api.github.com,github_repo,,Java,177,17,1
c27,ShapeOfView,florent37,https://github.com/florent37/ShapeOfView,http://api.github.com,github_repo,,Java,130,17,1
c27,KenBurnsView,flavioarfaria,https://github.com/flavioarfaria/KenBurnsView,http://api.github.com,github_repo,,Java,114,17,1
c27,MaterialShowcaseView,deano2390,https://github.com/deano2390/MaterialShowcaseView,http://api.github.com,github_repo,,Java,121,17,1
c27,ImageViewZoom,sephiroth74,https://github.com/sephiroth74/ImageViewZoom,http://api.github.com,github_repo,,Java,120,17,1
c27,CreditCardEntry,dbachelder,https://github.com/dbachelder/CreditCardEntry,http://api.github.com,github_repo,,Java,131,17,1
c27,Qigsaw,iqiyi,https://github.com/iqiyi/Qigsaw,http://api.github.com,github_repo,,Java,160,17,1
c27,SuperAdapter,byteam,https://github.com/byteam/SuperAdapter,http://api.github.com,github_repo,,Java,148,17,1
c27,Fast-Android-Networking,amitshekhariitbhu,https://github.com/amitshekhariitbhu/Fast-Android-Networking,http://api.github.com,github_repo,,Java,560,18,1
c27,ListItemView,lurbas,https://github.com/lurbas/ListItemView,http://api.github.com,github_repo,,Java,114,18,1
c27,busybox,meefik,https://github.com/meefik/busybox,http://api.github.com,github_repo,,Java,126,18,1
c27,android-material-design-icon-generator-plugin,konifar,https://github.com/konifar/android-material-design-icon-generator-plugin,http://api.github.com,github_repo,,Java,120,19,1
c27,DataflowTemplates,GoogleCloudPlatform,https://github.com/GoogleCloudPlatform/DataflowTemplates,http://api.github.com,github_repo,,Java,152,19,1
c27,the-app,devops-dojo,https://github.com/devops-dojo/the-app,http://api.github.com,github_repo,,Java,517,19,1
c27,glide-transformations,wasabeef,https://github.com/wasabeef/glide-transformations,http://api.github.com,github_repo,,Java,215,19,1
c27,X2C,iReaderAndroid,https://github.com/iReaderAndroid/X2C,http://api.github.com,github_repo,,Java,79,19,1
c27,Android-DirectoryChooser,passy,https://github.com/passy/Android-DirectoryChooser,http://api.github.com,github_repo,,Java,265,19,1
c27,jdeferred,jdeferred,https://github.com/jdeferred/jdeferred,http://api.github.com,github_repo,,Java,219,19,1
c27,RxBluetooth,IvBaranov,https://github.com/IvBaranov/RxBluetooth,http://api.github.com,github_repo,,Java,186,19,1
c27,react-native-calendar-events,wmcmahan,https://github.com/wmcmahan/react-native-calendar-events,http://api.github.com,github_repo,,Java,169,20,1
c27,cordova-plugin-admob-free,ratson,https://github.com/ratson/cordova-plugin-admob-free,http://api.github.com,github_repo,,Java,332,20,1
c27,react-native-touch-id,naoufal,https://github.com/naoufal/react-native-touch-id,http://api.github.com,github_repo,,Java,218,21,1
c27,linuxdeploy,meefik,https://github.com/meefik/linuxdeploy,http://api.github.com,github_repo,,Java,144,21,1
c27,brickhouse,klout,https://github.com/klout/brickhouse,http://api.github.com,github_repo,,Java,186,21,1
c27,FinestWebView-Android,TheFinestArtist,https://github.com/TheFinestArtist/FinestWebView-Android,http://api.github.com,github_repo,,Java,195,21,1
c27,tut-spring-boot-oauth2,spring-guides,https://github.com/spring-guides/tut-spring-boot-oauth2,http://api.github.com,github_repo,,Java,100,21,1
c27,android-viewflow,pakerfeldt,https://github.com/pakerfeldt/android-viewflow,http://api.github.com,github_repo,,Java,120,21,1
c27,s3s3mirror,cobbzilla,https://github.com/cobbzilla/s3s3mirror,http://api.github.com,github_repo,,Java,118,21,1
c27,header-decor,edubarr,https://github.com/edubarr/header-decor,http://api.github.com,github_repo,,Java,119,21,1
c27,WeatherLib,survivingwithandroid,https://github.com/survivingwithandroid/WeatherLib,http://api.github.com,github_repo,,Java,277,21,1
c27,hppc,carrotsearch,https://github.com/carrotsearch/hppc,http://api.github.com,github_repo,,Java,524,21,1
c27,secure-preferences,scottyab,https://github.com/scottyab/secure-preferences,http://api.github.com,github_repo,,Java,119,22,1
c27,esb-connectors,wso2-attic,https://github.com/wso2-attic/esb-connectors,http://api.github.com,github_repo,,Java,2537,22,1
c27,Quicksql,Qihoo360,https://github.com/Qihoo360/Quicksql,http://api.github.com,github_repo,,Java,117,22,1
c27,cordova-plugin-googleplus,EddyVerbruggen,https://github.com/EddyVerbruggen/cordova-plugin-googleplus,http://api.github.com,github_repo,,Java,284,22,1
c27,jacoco,jacoco,https://github.com/jacoco/jacoco,http://api.github.com,github_repo,,Java,1671,22,1
c27,FloatingActionButton,makovkastar,https://github.com/makovkastar/FloatingActionButton,http://api.github.com,github_repo,,Java,321,22,1
c27,pinned-section-listview,beworker,https://github.com/beworker/pinned-section-listview,http://api.github.com,github_repo,,Java,88,22,1
c27,dynamic-load-apk,singwhatiwanna,https://github.com/singwhatiwanna/dynamic-load-apk,http://api.github.com,github_repo,,Java,158,22,1
c27,elasticsearch-analysis-ik,medcl,https://github.com/medcl/elasticsearch-analysis-ik,http://api.github.com,github_repo,,Java,250,22,1
c27,jersey,jersey,https://github.com/jersey/jersey,http://api.github.com,github_repo,,Java,308,22,1
c27,re2j,google,https://github.com/google/re2j,http://api.github.com,github_repo,,Java,132,27,1
c27,mortar,square,https://github.com/square/mortar,http://api.github.com,github_repo,,Java,279,27,1
c27,vim.js,coolwanglu,https://github.com/coolwanglu/vim.js.git,http://api.github.com,github_repo,,C,219,28,1
c27,vertx-sql-client,eclipse-vertx,https://github.com/eclipse-vertx/vertx-sql-client,http://api.github.com,github_repo,,Java,207,28,1
c27,groupie,lisawray,https://github.com/lisawray/groupie,http://api.github.com,github_repo,,Java,240,28,1
c27,UrlImageViewHelper,koush,https://github.com/koush/UrlImageViewHelper,http://api.github.com,github_repo,,Java,155,28,1
c27,jgit-cookbook,centic9,https://github.com/centic9/jgit-cookbook,http://api.github.com,github_repo,,Java,262,28,1
c27,ice,Teevity,https://github.com/Teevity/ice,http://api.github.com,github_repo,,Java,251,28,1
c27,dashboard-demo,vaadin,https://github.com/vaadin/dashboard-demo,http://api.github.com,github_repo,,Java,136,28,1
c27,qmq,qunarcorp,https://github.com/qunarcorp/qmq,http://api.github.com,github_repo,,Java,519,28,1
c27,Paper,pilgr,https://github.com/pilgr/Paper,http://api.github.com,github_repo,,Java,186,28,1
c27,OpenNoteScanner,ctodobom,https://github.com/ctodobom/OpenNoteScanner,http://api.github.com,github_repo,,Java,228,28,1
c27,plantuml-server,plantuml,https://github.com/plantuml/plantuml-server,http://api.github.com,github_repo,,Java,289,28,1
c27,openiot,OpenIotOrg,https://github.com/OpenIotOrg/openiot,http://api.github.com,github_repo,,Java,662,28,1
c27,MultiViewAdapter,DevAhamed,https://github.com/DevAhamed/MultiViewAdapter,http://api.github.com,github_repo,,Java,217,28,1
c27,tape,square,https://github.com/square/tape,http://api.github.com,github_repo,,Java,298,29,1
c27,Leonids,plattysoft,https://github.com/plattysoft/Leonids,http://api.github.com,github_repo,,Java,178,29,1
c27,react-native-admob,sbugert,https://github.com/sbugert/react-native-admob,http://api.github.com,github_repo,,Java,162,29,1
c27,dialogplus,orhanobut,https://github.com/orhanobut/dialogplus,http://api.github.com,github_repo,,Java,183,29,1
c27,jstorm,alibaba,https://github.com/alibaba/jstorm,http://api.github.com,github_repo,,Java,333,29,1
c27,SnackBar,MrEngineer13,https://github.com/MrEngineer13/SnackBar,http://api.github.com,github_repo,,Java,365,36,1
c27,TextJustify-Android,mathew-kurian,https://github.com/mathew-kurian/TextJustify-Android,http://api.github.com,github_repo,,Java,215,37,1
c27,PhotoPicker,donglua,https://github.com/donglua/PhotoPicker,http://api.github.com,github_repo,,Java,323,37,1
c27,jjwt,jwtk,https://github.com/jwtk/jjwt,http://api.github.com,github_repo,,Java,436,37,1
c27,Android-Week-View,alamkanak,https://github.com/alamkanak/Android-Week-View,http://api.github.com,github_repo,,Java,212,37,1
c27,rejoiner,google,https://github.com/google/rejoiner,http://api.github.com,github_repo,,Java,310,37,1
c27,react-native-sqlite-storage,andpor,https://github.com/andpor/react-native-sqlite-storage,http://api.github.com,github_repo,,Java,295,38,1
c27,HTTP-Proxy-Servlet,mitre,https://github.com/mitre/HTTP-Proxy-Servlet,http://api.github.com,github_repo,,Java,211,38,1
c27,react-native-sound,zmxv,https://github.com/zmxv/react-native-sound,http://api.github.com,github_repo,,Java,263,38,1
c27,subsampling-scale-image-view,davemorrissey,https://github.com/davemorrissey/subsampling-scale-image-view,http://api.github.com,github_repo,,Java,344,38,1
c27,sofa-boot,sofastack,https://github.com/sofastack/sofa-boot,http://api.github.com,github_repo,,Java,275,38,1
c27,Lynx,pedrovgs,https://github.com/pedrovgs/Lynx,http://api.github.com,github_repo,,Java,289,38,1
c27,storage-chooser,codekidX,https://github.com/codekidX/storage-chooser,http://api.github.com,github_repo,,Java,259,38,1
c27,concurrency-limits,Netflix,https://github.com/Netflix/concurrency-limits,http://api.github.com,github_repo,,Java,261,52,1
c27,Android-CircleDialog,mylhyl,https://github.com/mylhyl/Android-CircleDialog,http://api.github.com,github_repo,,Java,285,52,1
c27,Dexter,Karumi,https://github.com/Karumi/Dexter,http://api.github.com,github_repo,,Java,274,53,1
c27,stardroid,sky-map-team,https://github.com/sky-map-team/stardroid,http://api.github.com,github_repo,,Java,438,61,1
c27,dropbox-sdk-java,dropbox,https://github.com/dropbox/dropbox-sdk-java,http://api.github.com,github_repo,,Java,419,62,1
c27,jackson-annotations,FasterXML,https://github.com/FasterXML/jackson-annotations,http://api.github.com,github_repo,,Java,625,63,1
c27,sofa-ark,sofastack,https://github.com/sofastack/sofa-ark,http://api.github.com,github_repo,,Java,205,63,1
c27,LeetCode-Sol-Res,FreeTymeKiyan,https://github.com/FreeTymeKiyan/LeetCode-Sol-Res,http://api.github.com,github_repo,,Java,1105,63,1
c27,NullAway,uber,https://github.com/uber/NullAway,http://api.github.com,github_repo,,Java,334,64,1
c27,easymock,easymock,https://github.com/easymock/easymock,http://api.github.com,github_repo,,Java,988,64,1
c27,dialogflow-android-client,dialogflow,https://github.com/dialogflow/dialogflow-android-client,http://api.github.com,github_repo,,Java,335,64,1
c27,mbassador,bennidi,https://github.com/bennidi/mbassador,http://api.github.com,github_repo,,Java,336,64,1
c27,TokenAutoComplete,splitwise,https://github.com/splitwise/TokenAutoComplete,http://api.github.com,github_repo,,Java,253,65,1
c27,mysql-binlog-connector-java,shyiko,https://github.com/shyiko/mysql-binlog-connector-java,http://api.github.com,github_repo,,Java,384,65,1
c27,airpal,airbnb,https://github.com/airbnb/airpal,http://api.github.com,github_repo,,Java,446,66,1
c27,cordova-plugin-background-mode,katzer,https://github.com/katzer/cordova-plugin-background-mode,http://api.github.com,github_repo,,Java,229,66,1
c27,awaitility,awaitility,https://github.com/awaitility/awaitility,http://api.github.com,github_repo,,Java,675,66,1
c27,amazon-kinesis-client,awslabs,https://github.com/awslabs/amazon-kinesis-client,http://api.github.com,github_repo,,Java,301,67,1
c27,react-native-share,react-native-community,https://github.com/react-native-community/react-native-share,http://api.github.com,github_repo,,Java,619,67,1
c27,jhipster-registry,jhipster,https://github.com/jhipster/jhipster-registry,http://api.github.com,github_repo,,Java,980,67,1
c27,ShowcaseView,amlcurran,https://github.com/amlcurran/ShowcaseView,http://api.github.com,github_repo,,Java,496,67,1
c27,zendesk-java-client,cloudbees,https://github.com/cloudbees/zendesk-java-client,http://api.github.com,github_repo,,Java,549,68,1
c27,crawler4j,yasserg,https://github.com/yasserg/crawler4j,http://api.github.com,github_repo,,Java,513,68,1
c27,flow,square,https://github.com/square/flow,http://api.github.com,github_repo,,Java,346,69,1
c27,bnd,bndtools,https://github.com/bndtools/bnd,http://api.github.com,github_repo,,Java,12728,69,1
c27,blade,lets-blade,https://github.com/lets-blade/blade,http://api.github.com,github_repo,,Java,749,69,1
c27,opentracing-java,opentracing,https://github.com/opentracing/opentracing-java,http://api.github.com,github_repo,,Java,294,70,1
c27,CountryCodePickerProject,hbb20,https://github.com/hbb20/CountryCodePickerProject,http://api.github.com,github_repo,,Java,438,70,1
c27,Pedometer,j4velin,https://github.com/j4velin/Pedometer,http://api.github.com,github_repo,,Java,486,70,1
c27,react-native-firestack,fullstackreact,https://github.com/fullstackreact/react-native-firestack,http://api.github.com,github_repo,,Java,431,70,1
c27,AndrOBD,fr3ts0n,https://github.com/fr3ts0n/AndrOBD,http://api.github.com,github_repo,,Java,866,70,1
c27,dexmaker,linkedin,https://github.com/linkedin/dexmaker,http://api.github.com,github_repo,,Java,256,70,1
c27,cosbench,intel-cloud,https://github.com/intel-cloud/cosbench,http://api.github.com,github_repo,,Java,594,70,1
c27,Markwon,noties,https://github.com/noties/Markwon,http://api.github.com,github_repo,,Java,302,70,1
c27,algorithms-sedgewick-wayne,reneargento,https://github.com/reneargento/algorithms-sedgewick-wayne,http://api.github.com,github_repo,,Java,597,71,1
c27,spring-cloud-task,spring-cloud,https://github.com/spring-cloud/spring-cloud-task,http://api.github.com,github_repo,,Java,401,72,1
c27,kayenta,spinnaker,https://github.com/spinnaker/kayenta,http://api.github.com,github_repo,,Java,536,72,1
c27,react-native-webview,react-native-community,https://github.com/react-native-community/react-native-webview,http://api.github.com,github_repo,,Java,507,72,1
c27,suro,Netflix,https://github.com/Netflix/suro,http://api.github.com,github_repo,,Java,554,72,1
c27,TableView,evrencoskun,https://github.com/evrencoskun/TableView,http://api.github.com,github_repo,,Java,335,73,1
c27,jOOR,jOOQ,https://github.com/jOOQ/jOOR,http://api.github.com,github_repo,,Java,221,73,1
c27,greys-anatomy,oldmanpushcart,https://github.com/oldmanpushcart/greys-anatomy,http://api.github.com,github_repo,,Java,653,73,1
c27,brpc-java,baidu,https://github.com/baidu/brpc-java,http://api.github.com,github_repo,,Java,359,73,1
c27,otj-pg-embedded,opentable,https://github.com/opentable/otj-pg-embedded,http://api.github.com,github_repo,,Java,407,73,1
c27,contrib-drivers,androidthings,https://github.com/androidthings/contrib-drivers,http://api.github.com,github_repo,,Java,359,73,1
c27,EdXposed,ElderDrivers,https://github.com/ElderDrivers/EdXposed,http://api.github.com,github_repo,,Java,318,74,1
c27,apis,OAuth-Apis,https://github.com/OAuth-Apis/apis,http://api.github.com,github_repo,,Java,431,74,1
c27,camerakit-android,CameraKit,https://github.com/CameraKit/camerakit-android,http://api.github.com,github_repo,,Java,512,74,1
c27,frontend-maven-plugin,eirslett,https://github.com/eirslett/frontend-maven-plugin,http://api.github.com,github_repo,,Java,622,84,1